<?xml version="1.0" encoding="UTF-8" ?>
<!DOCTYPE mapper PUBLIC "-//mybatis.org//DTD Mapper 3.0//EN" "http://mybatis.org/dtd/mybatis-3-mapper.dtd" >
<mapper namespace="com.wxzt.mapper.WorkerDayReportMapper" >
  <resultMap id="BaseResultMap" type="com.wxzt.pojo.WorkerDayReport" >
    <id column="id" property="id" jdbcType="INTEGER" />
    <result column="worknum" property="worknum" jdbcType="VARCHAR" />
    <result column="dtUpdate" property="dtupdate" jdbcType="VARCHAR" />
    <result column="call" property="call" jdbcType="INTEGER" />
    <result column="nocall" property="nocall" jdbcType="INTEGER" />
    <result column="total" property="total" jdbcType="INTEGER" />
  </resultMap>
  <sql id="Example_Where_Clause" >
    <where >
      <foreach collection="oredCriteria" item="criteria" separator="or" >
        <if test="criteria.valid" >
          <trim prefix="(" suffix=")" prefixOverrides="and" >
            <foreach collection="criteria.criteria" item="criterion" >
              <choose >
                <when test="criterion.noValue" >
                  and ${criterion.condition}
                </when>
                <when test="criterion.singleValue" >
                  and ${criterion.condition} #{criterion.value}
                </when>
                <when test="criterion.betweenValue" >
                  and ${criterion.condition} #{criterion.value} and #{criterion.secondValue}
                </when>
                <when test="criterion.listValue" >
                  and ${criterion.condition}
                  <foreach collection="criterion.value" item="listItem" open="(" close=")" separator="," >
                    #{listItem}
                  </foreach>
                </when>
              </choose>
            </foreach>
          </trim>
        </if>
      </foreach>
    </where>
  </sql>
  <sql id="Update_By_Example_Where_Clause" >
    <where >
      <foreach collection="example.oredCriteria" item="criteria" separator="or" >
        <if test="criteria.valid" >
          <trim prefix="(" suffix=")" prefixOverrides="and" >
            <foreach collection="criteria.criteria" item="criterion" >
              <choose >
                <when test="criterion.noValue" >
                  and ${criterion.condition}
                </when>
                <when test="criterion.singleValue" >
                  and ${criterion.condition} #{criterion.value}
                </when>
                <when test="criterion.betweenValue" >
                  and ${criterion.condition} #{criterion.value} and #{criterion.secondValue}
                </when>
                <when test="criterion.listValue" >
                  and ${criterion.condition}
                  <foreach collection="criterion.value" item="listItem" open="(" close=")" separator="," >
                    #{listItem}
                  </foreach>
                </when>
              </choose>
            </foreach>
          </trim>
        </if>
      </foreach>
    </where>
  </sql>
  <sql id="Base_Column_List" >
    id, worknum, dtUpdate, call, nocall, total
  </sql>
  <select id="selectByExample" resultMap="BaseResultMap" parameterType="com.wxzt.pojo.WorkerDayReportExample" >
    select
    <if test="distinct" >
      distinct
    </if>
    <include refid="Base_Column_List" />
    from worker_Day_Report
    <if test="_parameter != null" >
      <include refid="Example_Where_Clause" />
    </if>
    <if test="orderByClause != null" >
      order by ${orderByClause}
    </if>
  </select>
  <select id="selectByPrimaryKey" resultMap="BaseResultMap" parameterType="java.lang.Integer" >
    select 
    <include refid="Base_Column_List" />
    from worker_Day_Report
    where id = #{id,jdbcType=INTEGER}
  </select>
  <delete id="deleteByPrimaryKey" parameterType="java.lang.Integer" >
    delete from worker_Day_Report
    where id = #{id,jdbcType=INTEGER}
  </delete>
  <delete id="deleteByExample" parameterType="com.wxzt.pojo.WorkerDayReportExample" >
    delete from worker_Day_Report
    <if test="_parameter != null" >
      <include refid="Example_Where_Clause" />
    </if>
  </delete>
  <insert id="insert" parameterType="com.wxzt.pojo.WorkerDayReport" >
    insert into worker_Day_Report (id, worknum, dtUpdate, 
      call, nocall, total
      )
    values (#{id,jdbcType=INTEGER}, #{worknum,jdbcType=VARCHAR}, #{dtupdate,jdbcType=VARCHAR}, 
      #{call,jdbcType=INTEGER}, #{nocall,jdbcType=INTEGER}, #{total,jdbcType=INTEGER}
      )
  </insert>
  <insert id="insertSelective" parameterType="com.wxzt.pojo.WorkerDayReport" >
    insert into worker_Day_Report
    <trim prefix="(" suffix=")" suffixOverrides="," >
      <if test="id != null" >
        id,
      </if>
      <if test="worknum != null" >
        worknum,
      </if>
      <if test="dtupdate != null" >
        dtUpdate,
      </if>
      <if test="call != null" >
        call,
      </if>
      <if test="nocall != null" >
        nocall,
      </if>
      <if test="total != null" >
        total,
      </if>
    </trim>
    <trim prefix="values (" suffix=")" suffixOverrides="," >
      <if test="id != null" >
        #{id,jdbcType=INTEGER},
      </if>
      <if test="worknum != null" >
        #{worknum,jdbcType=VARCHAR},
      </if>
      <if test="dtupdate != null" >
        #{dtupdate,jdbcType=VARCHAR},
      </if>
      <if test="call != null" >
        #{call,jdbcType=INTEGER},
      </if>
      <if test="nocall != null" >
        #{nocall,jdbcType=INTEGER},
      </if>
      <if test="total != null" >
        #{total,jdbcType=INTEGER},
      </if>
    </trim>
  </insert>
  <select id="countByExample" parameterType="com.wxzt.pojo.WorkerDayReportExample" resultType="java.lang.Integer" >
    select count(*) from worker_Day_Report
    <if test="_parameter != null" >
      <include refid="Example_Where_Clause" />
    </if>
  </select>
  <update id="updateByExampleSelective" parameterType="map" >
    update worker_Day_Report
    <set >
      <if test="record.id != null" >
        id = #{record.id,jdbcType=INTEGER},
      </if>
      <if test="record.worknum != null" >
        worknum = #{record.worknum,jdbcType=VARCHAR},
      </if>
      <if test="record.dtupdate != null" >
        dtUpdate = #{record.dtupdate,jdbcType=VARCHAR},
      </if>
      <if test="record.call != null" >
        call = #{record.call,jdbcType=INTEGER},
      </if>
      <if test="record.nocall != null" >
        nocall = #{record.nocall,jdbcType=INTEGER},
      </if>
      <if test="record.total != null" >
        total = #{record.total,jdbcType=INTEGER},
      </if>
    </set>
    <if test="_parameter != null" >
      <include refid="Update_By_Example_Where_Clause" />
    </if>
  </update>
  <update id="updateByExample" parameterType="map" >
    update worker_Day_Report
    set id = #{record.id,jdbcType=INTEGER},
      worknum = #{record.worknum,jdbcType=VARCHAR},
      dtUpdate = #{record.dtupdate,jdbcType=VARCHAR},
      call = #{record.call,jdbcType=INTEGER},
      nocall = #{record.nocall,jdbcType=INTEGER},
      total = #{record.total,jdbcType=INTEGER}
    <if test="_parameter != null" >
      <include refid="Update_By_Example_Where_Clause" />
    </if>
  </update>
  <update id="updateByPrimaryKeySelective" parameterType="com.wxzt.pojo.WorkerDayReport" >
    update worker_Day_Report
    <set >
      <if test="worknum != null" >
        worknum = #{worknum,jdbcType=VARCHAR},
      </if>
      <if test="dtupdate != null" >
        dtUpdate = #{dtupdate,jdbcType=VARCHAR},
      </if>
      <if test="call != null" >
        call = #{call,jdbcType=INTEGER},
      </if>
      <if test="nocall != null" >
        nocall = #{nocall,jdbcType=INTEGER},
      </if>
      <if test="total != null" >
        total = #{total,jdbcType=INTEGER},
      </if>
    </set>
    where id = #{id,jdbcType=INTEGER}
  </update>
  <update id="updateByPrimaryKey" parameterType="com.wxzt.pojo.WorkerDayReport" >
    update worker_Day_Report
    set worknum = #{worknum,jdbcType=VARCHAR},
      dtUpdate = #{dtupdate,jdbcType=VARCHAR},
      call = #{call,jdbcType=INTEGER},
      nocall = #{nocall,jdbcType=INTEGER},
      total = #{total,jdbcType=INTEGER}
    where id = #{id,jdbcType=INTEGER}
  </update>
  <select id="getWorkerDayForReport" resultMap="BaseResultMap" parameterType="map">
      SELECT
	WorknumOwner as worknum,
	dtUpdate ,
	SUM(call) AS call,
	SUM(nocall) AS nocall
FROM
	(
		SELECT
			WorknumOwner,
			CONVERT(VARCHAR(20), dtUpdate, 23) AS dtUpdate,
			CASE
		WHEN custType = '1' THEN
			1
		ELSE
			0
		END AS call,
		CASE
	WHEN custType = '2' THEN
		1
	ELSE
		0
	END AS nocall
	FROM
		px_CRM_Cust
		where CONVERT(VARCHAR(20), dtUpdate, 23) = #{date,jdbcType=VARCHAR}
	) AS t
GROUP BY
	WorknumOwner,
	dtUpdate
order by dtUpdate

  </select>
  <insert id="insertBatch" parameterType="java.util.List" >
    insert into worker_Day_Report (worknum, dtUpdate,call, nocall, total) values
    <foreach collection="list" index="index" separator="UNION ALL" item="u">
      SELECT #{u.worknum,jdbcType=VARCHAR}, #{u.dtupdate,jdbcType=VARCHAR},
      #{u.call,jdbcType=INTEGER}, #{u.nocall,jdbcType=INTEGER}, #{u.total,jdbcType=INTEGER}
    </foreach>
  </insert>
</mapper>