<?xml version="1.0" encoding="UTF-8"?>
<beans
	xmlns="http://www.springframework.org/schema/beans"
	xmlns:xsi="http://www.w3.org/2001/XMLSchema-instance"
	xmlns:p="http://www.springframework.org/schema/p"
	xmlns:context="http://www.springframework.org/schema/context"
	xsi:schemaLocation="
	http://www.springframework.org/schema/beans 
	http://www.springframework.org/schema/beans/spring-beans-3.0.xsd
	http://www.springframework.org/schema/context
	http://www.springframework.org/schema/context/spring-context-3.0.xsd">
    <!-- 处理property -->
	<context:property-placeholder  location="classpath:db.properties" />
    <!-- 配置数据源 -->
	<bean id="dataSource" class="org.apache.commons.dbcp.BasicDataSource" >
	        <property name="driverClassName" value="${jdbc.driver}"/>
	        <property name="url" value="${jdbc.url}"/>
	        <property name="username" value="${jdbc.username}"/>
	        <property name="password" value="${jdbc.password}"/>
    </bean>
    
    <!-- 配置sqlSessionFactory -->
	<!-- 配置mybatis的sqlsessionFactory -->
	<bean id="sqlSessionFactory" class="org.mybatis.spring.SqlSessionFactoryBean">
		<property name="configLocation" value="classpath:SqlMapConfig.xml"></property>
		<property name="dataSource" ref="dataSource"></property>
	</bean>
	<!-- 配置扫描包，加载mapper代理对象 -->
	<bean class="org.mybatis.spring.mapper.MapperScannerConfigurer">
		<property name="basePackage" value="com.wxzt.mapper"></property>
	</bean>
    
</beans>