<?xml version="1.0" encoding="UTF-8"?>
<beans
	xmlns="http://www.springframework.org/schema/beans"
	xmlns:xsi="http://www.w3.org/2001/XMLSchema-instance"
	xmlns:p="http://www.springframework.org/schema/p"
	xmlns:context="http://www.springframework.org/schema/context"
	xmlns:tx="http://www.springframework.org/schema/tx"
	xmlns:aop="http://www.springframework.org/schema/aop"
	xsi:schemaLocation="http://www.springframework.org/schema/beans http://www.springframework.org/schema/beans/spring-beans-3.0.xsd
	                    http://www.springframework.org/schema/context http://www.springframework.org/schema/context/spring-context-3.0.xsd
	                    http://www.springframework.org/schema/tx http://www.springframework.org/schema/tx/spring-tx-3.0.xsd
	                    http://www.springframework.org/schema/aop http://www.springframework.org/schema/aop/spring-aop-3.0.xsd" >

	<!-- 实例化bean -->
	<bean id= "testMethodQuartz" class ="com.wxzt.web.controller.ReportController"/>

	<!-- 配置MethodInvokingJobDetailFactoryBean -->
	<bean id= "testTaskMethod" class="org.springframework.scheduling.quartz.MethodInvokingJobDetailFactoryBean">
		<property name="targetObject" ref="testMethodQuartz"/>
		<property name="targetMethod" value="ProduceReportForWorkerDay"/>
		<property name="concurrent" value="false"/>
	</bean>

	<!-- 配置定时表达式 -->
	<bean id= "testTaskTrigger" class="org.springframework.scheduling.quartz.CronTriggerBean" >
		<property name="jobDetail" ref="testTaskMethod" />
		<!-- 每一分钟执行一次 -->
		<!--<property name="cronExpression" value="0 0/1 * * * ?" />-->
		<!-- 每小时执行一次 -->
		<property name="cronExpression" value="0 0 0/1 * * ?" />
	</bean>

	<!-- 配置调度工厂 -->
	<bean id= "testSchedulerFactoryBean"
		  class="org.springframework.scheduling.quartz.SchedulerFactoryBean">
		<property name="triggers" >
			<list>
				<ref bean="testTaskTrigger" />
			</list>
		</property>
	</bean>

</beans>